{
  "MNQ": {
    "best_value": 17.217152478903134,
    "best_params": {
      "ema_fast": 30,
      "ema_slow": 47,
      "rsi_period": 16,
      "rsi_overbought": 74.48597192699006,
      "rsi_oversold": 26.09950434470726,
      "atr_period": 13,
      "atr_stop_multiplier": 1.7392775974134462,
      "atr_target_multiplier": 4.0093124617998335,
      "min_atr_threshold": 0.9030625911440391
    },
    "n_trials": 50
  },
  "MET": {
    "best_value": 29.669409320824002,
    "best_params": {
      "ema_fast": 12,
      "ema_slow": 93,
      "rsi_period": 16,
      "rsi_overbought": 68.36618549373118,
      "rsi_oversold": 28.47040995235491,
      "atr_period": 14,
      "atr_stop_multiplier": 1.9327272320830395,
      "atr_target_multiplier": 3.9803091201036644,
      "min_atr_threshold": 0.2741692127638001
    },
    "n_trials": 50
  },
  "MES": {
    "best_value": 14.229415999833492,
    "best_params": {
      "ema_fast": 29,
      "ema_slow": 79,
      "rsi_period": 20,
      "rsi_overbought": 78.93371699120263,
      "rsi_oversold": 27.76078489591625,
      "atr_period": 17,
      "atr_stop_multiplier": 1.5643541007610033,
      "atr_target_multiplier": 4.925587827520196,
      "min_atr_threshold": 0.9097097134511949
    },
    "n_trials": 50
  },
  "MYM": {
    "best_value": 10.096947471353172,
    "best_params": {
      "ema_fast": 17,
      "ema_slow": 97,
      "rsi_period": 18,
      "rsi_overbought": 73.97987726295555,
      "rsi_oversold": 22.34027960663655,
      "atr_period": 11,
      "atr_stop_multiplier": 1.5871254182522991,
      "atr_target_multiplier": 5.598528437324806,
      "min_atr_threshold": 0.9415610164404923
    },
    "n_trials": 50
  },
  "MGC": {
    "best_value": 10.303482162994031,
    "best_params": {
      "ema_fast": 10,
      "ema_slow": 89,
      "rsi_period": 15,
      "rsi_overbought": 78.73607695825815,
      "rsi_oversold": 20.599410607562827,
      "atr_period": 14,
      "atr_stop_multiplier": 1.9047351251812938,
      "atr_target_multiplier": 4.697481931080679,
      "min_atr_threshold": 1.3117618788409109
    },
    "n_trials": 50
  },
  "MBT": {
    "best_value": 53.06301411883841,
    "best_params": {
      "ema_fast": 23,
      "ema_slow": 60,
      "rsi_period": 10,
      "rsi_overbought": 69.66473482573494,
      "rsi_oversold": 24.877749830401207,
      "atr_period": 18,
      "atr_stop_multiplier": 2.4563362070328196,
      "atr_target_multiplier": 5.66163822772898,
      "min_atr_threshold": 0.761100895226729
    },
    "n_trials": 50
  }
}