{
  "best_params": {
    "min_volume_imbalance": 0.1369462557114305,
    "delta_slope_period": 52,
    "buy_sell_long_threshold": 1.2819841452401415,
    "buy_sell_short_threshold": 0.5666721366592501,
    "buy_sell_exit_long": 0.6577173218916311,
    "buy_sell_exit_short": 1.2486464768352847,
    "min_confluence": 0.8335099384928314,
    "stop_multiplier": 2.794989108735316,
    "exit_confluence_threshold": 0.6334691774012768
  },
  "best_objective_score": 0.15165823839054093,
  "objective_function": "Win Rate (50%) + Profit Factor (30%) + Return (20%)",
  "metrics": {
    "return_pct": -117.08859656985587,
    "total_trades": 2781,
    "win_rate": 38.22366055375765,
    "profit_factor": 0.8657117221437494,
    "max_drawdown_pct": -121.6763579223465
  },
  "optimization_info": {
    "tick_interval": "500t",
    "n_trials": 252,
    "actual_trials": 252,
    "n_workers": 12,
    "trials_per_worker": 21,
    "duration_minutes": 33.06838903333333,
    "timestamp": "20251116_155338",
    "study_name": "winrate_optimizer_20251116_152033",
    "database": "optuna_winrate_20251116_152033.db",
    "strategy": "Win Rate Optimizer - Pure Volumetric (Order Flow Only)",
    "optimization_mode": "Multiprocessing (SQLite RDBStorage)",
    "target": "Win Rate 40%+, Profit Factor 1.3+, RR 2:1",
    "improvements": "Volume Profile, VWAP Bands, CVD Divergence, 3:1 Ratio, RTH Filter, Confluence Exit, RR 2:1"
  }
}